case,event,startTime,completeTime
0,A,2019/01/10 08:00:00.000,2019/01/10 08:00:00.000
1,A,2019/01/10 08:20:00.000,2019/01/10 08:20:00.000
0,B,2019/01/10 08:28:50.082,2019/01/10 08:28:50.082
2,A,2019/01/10 08:40:00.000,2019/01/10 08:40:00.000
1,B,2019/01/10 08:52:40.234,2019/01/10 08:52:40.234
3,A,2019/01/10 09:00:00.000,2019/01/10 09:00:00.000
0,C,2019/01/10 09:00:41.644,2019/01/10 09:00:41.644
2,B,2019/01/10 09:10:05.714,2019/01/10 09:10:05.714
4,A,2019/01/10 09:20:00.000,2019/01/10 09:20:00.000
1,C,2019/01/10 09:21:01.073,2019/01/10 09:21:01.073
3,B,2019/01/10 09:29:01.654,2019/01/10 09:29:01.654
0,A,2019/01/10 09:29:06.001,2019/01/10 09:29:06.001
2,C,2019/01/10 09:37:57.413,2019/01/10 09:37:57.413
5,A,2019/01/10 09:40:00.000,2019/01/10 09:40:00.000
1,A,2019/01/10 09:55:56.049,2019/01/10 09:55:56.049
4,B,2019/01/10 09:57:37.791,2019/01/10 09:57:37.791
3,C,2019/01/10 09:58:06.446,2019/01/10 09:58:06.446
0,B,2019/01/10 09:59:41.480,2019/01/10 09:59:41.480
6,A,2019/01/10 10:00:00.000,2019/01/10 10:00:00.000
5,B,2019/01/10 10:07:46.607,2019/01/10 10:07:46.607
2,A,2019/01/10 10:15:57.039,2019/01/10 10:15:57.039
7,A,2019/01/10 10:20:00.000,2019/01/10 10:20:00.000
3,A,2019/01/10 10:26:45.695,2019/01/10 10:26:45.695
4,C,2019/01/10 10:28:07.331,2019/01/10 10:28:07.331
1,B,2019/01/10 10:28:54.195,2019/01/10 10:28:54.195
6,F,2019/01/10 10:29:03.251,2019/01/10 10:29:03.251
0,C,2019/01/10 10:31:24.800,2019/01/10 10:31:24.800
8,A,2019/01/10 10:40:00.000,2019/01/10 10:40:00.000
5,C,2019/01/10 10:40:26.395,2019/01/10 10:40:26.395
7,F,2019/01/10 10:48:33.565,2019/01/10 10:48:33.565
3,F,2019/01/10 10:51:42.493,2019/01/10 10:51:42.493
2,B,2019/01/10 10:52:03.758,2019/01/10 10:52:03.758
1,C,2019/01/10 10:54:12.047,2019/01/10 10:54:12.047
4,A,2019/01/10 10:54:34.671,2019/01/10 10:54:34.671
9,A,2019/01/10 11:00:00.000,2019/01/10 11:00:00.000
6,D,2019/01/10 11:01:08.858,2019/01/10 11:01:08.858
0,A,2019/01/10 11:01:23.728,2019/01/10 11:01:23.728
8,F,2019/01/10 11:08:47.865,2019/01/10 11:08:47.865
5,A,2019/01/10 11:09:25.834,2019/01/10 11:09:25.834
7,D,2019/01/10 11:15:48.586,2019/01/10 11:15:48.586
3,D,2019/01/10 11:18:13.471,2019/01/10 11:18:13.471
2,C,2019/01/10 11:19:27.415,2019/01/10 11:19:27.415
10,A,2019/01/10 11:20:00.000,2019/01/10 11:20:00.000
1,A,2019/01/10 11:22:20.558,2019/01/10 11:22:20.558
4,F,2019/01/10 11:26:47.968,2019/01/10 11:26:47.968
0,B,2019/01/10 11:28:43.245,2019/01/10 11:28:43.245
6,E,2019/01/10 11:29:47.999,2019/01/10 11:29:47.999
9,F,2019/01/10 11:32:40.378,2019/01/10 11:32:40.378
8,D,2019/01/10 11:38:55.316,2019/01/10 11:38:55.316
11,A,2019/01/10 11:40:00.000,2019/01/10 11:40:00.000
5,F,2019/01/10 11:41:00.097,2019/01/10 11:41:00.097
7,E,2019/01/10 11:43:34.958,2019/01/10 11:43:34.958
2,A,2019/01/10 11:48:22.520,2019/01/10 11:48:22.520
3,E,2019/01/10 11:52:08.585,2019/01/10 11:52:08.585
10,F,2019/01/10 11:52:41.781,2019/01/10 11:52:41.781
6,G,2019/01/10 11:54:13.358,2019/01/10 11:54:13.358
1,B,2019/01/10 11:54:20.751,2019/01/10 11:54:20.751
0,C,2019/01/10 11:57:08.916,2019/01/10 11:57:08.916
4,D,2019/01/10 11:59:40.394,2019/01/10 11:59:40.394
12,A,2019/01/10 12:00:00.000,2019/01/10 12:00:00.000
9,D,2019/01/10 12:04:25.833,2019/01/10 12:04:25.833
11,B,2019/01/10 12:09:22.894,2019/01/10 12:09:22.894
8,E,2019/01/10 12:13:07.311,2019/01/10 12:13:07.311
5,D,2019/01/10 12:13:14.955,2019/01/10 12:13:14.955
7,G,2019/01/10 12:15:53.843,2019/01/10 12:15:53.843
13,A,2019/01/10 12:20:00.000,2019/01/10 12:20:00.000
10,D,2019/01/10 12:20:00.016,2019/01/10 12:20:00.016
2,F,2019/01/10 12:22:16.159,2019/01/10 12:22:16.159
1,C,2019/01/10 12:23:15.545,2019/01/10 12:23:15.545
3,G,2019/01/10 12:24:13.546,2019/01/10 12:24:13.546
0,A,2019/01/10 12:25:58.187,2019/01/10 12:25:58.187
6,I,2019/01/10 12:26:03.561,2019/01/10 12:26:03.561
12,F,2019/01/10 12:27:50.143,2019/01/10 12:27:50.143
4,E,2019/01/10 12:28:44.761,2019/01/10 12:28:44.761
9,E,2019/01/10 12:33:55.206,2019/01/10 12:33:55.206
14,A,2019/01/10 12:40:00.000,2019/01/10 12:40:00.000
11,C,2019/01/10 12:40:31.920,2019/01/10 12:40:31.920
8,G,2019/01/10 12:42:27.318,2019/01/10 12:42:27.318
5,E,2019/01/10 12:46:27.457,2019/01/10 12:46:27.457
7,I,2019/01/10 12:46:28.132,2019/01/10 12:46:28.132
10,E,2019/01/10 12:50:55.822,2019/01/10 12:50:55.822
13,F,2019/01/10 12:51:21.868,2019/01/10 12:51:21.868
2,D,2019/01/10 12:53:04.468,2019/01/10 12:53:04.468
3,I,2019/01/10 12:53:34.871,2019/01/10 12:53:34.871
6,J,2019/01/10 12:54:46.744,2019/01/10 12:54:46.744
1,A,2019/01/10 12:55:07.564,2019/01/10 12:55:07.564
12,D,2019/01/10 12:59:01.689,2019/01/10 12:59:01.689
0,B,2019/01/10 12:59:33.188,2019/01/10 12:59:33.188
15,A,2019/01/10 13:00:00.000,2019/01/10 13:00:00.000
4,G,2019/01/10 13:01:07.342,2019/01/10 13:01:07.342
9,G,2019/01/10 13:03:41.898,2019/01/10 13:03:41.898
11,A,2019/01/10 13:07:35.492,2019/01/10 13:07:35.492
8,I,2019/01/10 13:15:33.842,2019/01/10 13:15:33.842
5,G,2019/01/10 13:17:14.640,2019/01/10 13:17:14.640
14,F,2019/01/10 13:17:30.821,2019/01/10 13:17:30.821
7,J,2019/01/10 13:18:05.360,2019/01/10 13:18:05.360
10,G,2019/01/10 13:19:23.610,2019/01/10 13:19:23.610
6,K,2019/01/10 13:19:39.198,2019/01/10 13:19:39.198
16,A,2019/01/10 13:20:00.000,2019/01/10 13:20:00.000
13,D,2019/01/10 13:21:41.513,2019/01/10 13:21:41.513
2,E,2019/01/10 13:23:54.423,2019/01/10 13:23:54.423
12,E,2019/01/10 13:25:30.547,2019/01/10 13:25:30.547
15,B,2019/01/10 13:25:37.600,2019/01/10 13:25:37.600
1,B,2019/01/10 13:26:12.652,2019/01/10 13:26:12.652
0,C,2019/01/10 13:27:23.562,2019/01/10 13:27:23.562
4,H,2019/01/10 13:28:07.763,2019/01/10 13:28:07.763
3,J,2019/01/10 13:28:57.305,2019/01/10 13:28:57.305
9,I,2019/01/10 13:33:09.011,2019/01/10 13:33:09.011
11,F,2019/01/10 13:39:45.487,2019/01/10 13:39:45.487
17,A,2019/01/10 13:40:00.000,2019/01/10 13:40:00.000
5,H,2019/01/10 13:45:31.562,2019/01/10 13:45:31.562
10,H,2019/01/10 13:46:01.894,2019/01/10 13:46:01.894
8,J,2019/01/10 13:46:04.241,2019/01/10 13:46:04.241
14,D,2019/01/10 13:46:32.539,2019/01/10 13:46:32.539
6,M,2019/01/10 13:47:53.436,2019/01/10 13:47:53.436
16,F,2019/01/10 13:50:01.810,2019/01/10 13:50:01.810
2,G,2019/01/10 13:52:30.430,2019/01/10 13:52:30.430
12,G,2019/01/10 13:53:46.286,2019/01/10 13:53:46.286
7,L,2019/01/10 13:53:58.134,2019/01/10 13:53:58.134
1,C,2019/01/10 13:54:55.911,2019/01/10 13:54:55.911
0,A,2019/01/10 13:55:08.162,2019/01/10 13:55:08.162
15,C,2019/01/10 13:55:27.229,2019/01/10 13:55:27.229
13,E,2019/01/10 13:55:38.100,2019/01/10 13:55:38.100
3,L,2019/01/10 13:57:12.961,2019/01/10 13:57:12.961
9,J,2019/01/10 13:57:51.024,2019/01/10 13:57:51.024
18,A,2019/01/10 14:00:00.000,2019/01/10 14:00:00.000
11,D,2019/01/10 14:09:26.233,2019/01/10 14:09:26.233
17,F,2019/01/10 14:12:06.031,2019/01/10 14:12:06.031
14,E,2019/01/10 14:13:57.785,2019/01/10 14:13:57.785
6,N,2019/01/10 14:14:16.495,2019/01/10 14:14:16.495
8,L,2019/01/10 14:14:45.912,2019/01/10 14:14:45.912
16,D,2019/01/10 14:15:12.193,2019/01/10 14:15:12.193
19,A,2019/01/10 14:20:00.000,2019/01/10 14:20:00.000
15,A,2019/01/10 14:22:01.192,2019/01/10 14:22:01.192
2,H,2019/01/10 14:22:41.536,2019/01/10 14:22:41.536
9,L,2019/01/10 14:22:42.680,2019/01/10 14:22:42.680
0,F,2019/01/10 14:23:38.261,2019/01/10 14:23:38.261
7,M,2019/01/10 14:24:32.376,2019/01/10 14:24:32.376
13,G,2019/01/10 14:26:04.076,2019/01/10 14:26:04.076
1,A,2019/01/10 14:26:40.175,2019/01/10 14:26:40.175
3,M,2019/01/10 14:26:50.115,2019/01/10 14:26:50.115
12,H,2019/01/10 14:27:02.965,2019/01/10 14:27:02.965
18,B,2019/01/10 14:29:23.913,2019/01/10 14:29:23.913
11,E,2019/01/10 14:39:44.501,2019/01/10 14:39:44.501
20,A,2019/01/10 14:40:00.000,2019/01/10 14:40:00.000
17,D,2019/01/10 14:41:20.985,2019/01/10 14:41:20.985
16,E,2019/01/10 14:44:27.729,2019/01/10 14:44:27.729
14,G,2019/01/10 14:46:39.930,2019/01/10 14:46:39.930
8,M,2019/01/10 14:47:20.614,2019/01/10 14:47:20.614
15,B,2019/01/10 14:49:02.244,2019/01/10 14:49:02.244
9,M,2019/01/10 14:49:52.257,2019/01/10 14:49:52.257
3,N,2019/01/10 14:52:11.386,2019/01/10 14:52:11.386
0,D,2019/01/10 14:52:20.857,2019/01/10 14:52:20.857
7,N,2019/01/10 14:52:24.861,2019/01/10 14:52:24.861
19,F,2019/01/10 14:54:39.856,2019/01/10 14:54:39.856
13,I,2019/01/10 14:55:28.685,2019/01/10 14:55:28.685
18,C,2019/01/10 14:56:15.618,2019/01/10 14:56:15.618
21,A,2019/01/10 15:00:00.000,2019/01/10 15:00:00.000
1,B,2019/01/10 15:00:53.765,2019/01/10 15:00:53.765
17,E,2019/01/10 15:12:16.819,2019/01/10 15:12:16.819
20,B,2019/01/10 15:14:35.445,2019/01/10 15:14:35.445
16,G,2019/01/10 15:14:54.281,2019/01/10 15:14:54.281
11,G,2019/01/10 15:14:57.057,2019/01/10 15:14:57.057
8,O,2019/01/10 15:16:54.660,2019/01/10 15:16:54.660
9,O,2019/01/10 15:18:46.861,2019/01/10 15:18:46.861
15,C,2019/01/10 15:19:34.978,2019/01/10 15:19:34.978
22,A,2019/01/10 15:20:00.000,2019/01/10 15:20:00.000
14,I,2019/01/10 15:22:48.177,2019/01/10 15:22:48.177
1,C,2019/01/10 15:22:52.733,2019/01/10 15:22:52.733
13,J,2019/01/10 15:24:01.812,2019/01/10 15:24:01.812
19,D,2019/01/10 15:24:57.518,2019/01/10 15:24:57.518
0,E,2019/01/10 15:27:23.764,2019/01/10 15:27:23.764
21,F,2019/01/10 15:29:08.420,2019/01/10 15:29:08.420
18,A,2019/01/10 15:32:02.916,2019/01/10 15:32:02.916
23,A,2019/01/10 15:40:00.000,2019/01/10 15:40:00.000
15,A,2019/01/10 15:42:04.203,2019/01/10 15:42:04.203
17,G,2019/01/10 15:42:32.241,2019/01/10 15:42:32.241
16,I,2019/01/10 15:44:15.993,2019/01/10 15:44:15.993
20,C,2019/01/10 15:47:34.242,2019/01/10 15:47:34.242
11,H,2019/01/10 15:48:28.785,2019/01/10 15:48:28.785
14,J,2019/01/10 15:51:10.712,2019/01/10 15:51:10.712
1,A,2019/01/10 15:51:14.331,2019/01/10 15:51:14.331
13,L,2019/01/10 15:51:21.180,2019/01/10 15:51:21.180
22,F,2019/01/10 15:54:09.158,2019/01/10 15:54:09.158
21,D,2019/01/10 15:57:56.582,2019/01/10 15:57:56.582
0,G,2019/01/10 15:58:35.888,2019/01/10 15:58:35.888
19,E,2019/01/10 15:58:53.668,2019/01/10 15:58:53.668
24,A,2019/01/10 16:00:00.000,2019/01/10 16:00:00.000
18,F,2019/01/10 16:00:07.583,2019/01/10 16:00:07.583
15,B,2019/01/10 16:08:32.231,2019/01/10 16:08:32.231
23,B,2019/01/10 16:09:04.123,2019/01/10 16:09:04.123
17,I,2019/01/10 16:10:31.831,2019/01/10 16:10:31.831
20,A,2019/01/10 16:11:51.948,2019/01/10 16:11:51.948
16,J,2019/01/10 16:17:25.565,2019/01/10 16:17:25.565
25,A,2019/01/10 16:20:00.000,2019/01/10 16:20:00.000
1,B,2019/01/10 16:20:19.479,2019/01/10 16:20:19.479
14,K,2019/01/10 16:21:20.524,2019/01/10 16:21:20.524
21,E,2019/01/10 16:23:06.215,2019/01/10 16:23:06.215
13,M,2019/01/10 16:23:33.225,2019/01/10 16:23:33.225
19,G,2019/01/10 16:26:13.797,2019/01/10 16:26:13.797
0,H,2019/01/10 16:27:44.882,2019/01/10 16:27:44.882
22,D,2019/01/10 16:28:06.070,2019/01/10 16:28:06.070
18,D,2019/01/10 16:30:12.067,2019/01/10 16:30:12.067
24,B,2019/01/10 16:30:50.284,2019/01/10 16:30:50.284
23,C,2019/01/10 16:36:40.283,2019/01/10 16:36:40.283
26,A,2019/01/10 16:40:00.000,2019/01/10 16:40:00.000
17,J,2019/01/10 16:41:55.488,2019/01/10 16:41:55.488
20,F,2019/01/10 16:45:36.466,2019/01/10 16:45:36.466
15,C,2019/01/10 16:45:43.536,2019/01/10 16:45:43.536
25,B,2019/01/10 16:49:03.600,2019/01/10 16:49:03.600
16,K,2019/01/10 16:50:55.232,2019/01/10 16:50:55.232
19,H,2019/01/10 16:52:07.267,2019/01/10 16:52:07.267
1,C,2019/01/10 16:53:59.539,2019/01/10 16:53:59.539
13,N,2019/01/10 16:54:04.524,2019/01/10 16:54:04.524
21,G,2019/01/10 16:54:19.864,2019/01/10 16:54:19.864
14,M,2019/01/10 16:55:17.780,2019/01/10 16:55:17.780
18,E,2019/01/10 16:57:59.421,2019/01/10 16:57:59.421
27,A,2019/01/10 17:00:00.000,2019/01/10 17:00:00.000
22,E,2019/01/10 17:00:25.842,2019/01/10 17:00:25.842
24,C,2019/01/10 17:00:40.815,2019/01/10 17:00:40.815
23,A,2019/01/10 17:04:26.417,2019/01/10 17:04:26.417
17,K,2019/01/10 17:09:25.078,2019/01/10 17:09:25.078
26,B,2019/01/10 17:09:45.562,2019/01/10 17:09:45.562
20,D,2019/01/10 17:16:16.565,2019/01/10 17:16:16.565
1,A,2019/01/10 17:17:04.268,2019/01/10 17:17:04.268
15,A,2019/01/10 17:17:16.957,2019/01/10 17:17:16.957
25,C,2019/01/10 17:18:07.909,2019/01/10 17:18:07.909
28,A,2019/01/10 17:20:00.000,2019/01/10 17:20:00.000
21,H,2019/01/10 17:21:41.040,2019/01/10 17:21:41.040
16,M,2019/01/10 17:24:32.284,2019/01/10 17:24:32.284
14,N,2019/01/10 17:26:01.005,2019/01/10 17:26:01.005
18,G,2019/01/10 17:26:47.053,2019/01/10 17:26:47.053
22,G,2019/01/10 17:27:10.757,2019/01/10 17:27:10.757
27,F,2019/01/10 17:29:17.904,2019/01/10 17:29:17.904
24,A,2019/01/10 17:31:27.475,2019/01/10 17:31:27.475
17,M,2019/01/10 17:35:44.579,2019/01/10 17:35:44.579
26,C,2019/01/10 17:39:17.441,2019/01/10 17:39:17.441
23,B,2019/01/10 17:39:39.860,2019/01/10 17:39:39.860
29,A,2019/01/10 17:40:00.000,2019/01/10 17:40:00.000
20,E,2019/01/10 17:43:35.541,2019/01/10 17:43:35.541
15,F,2019/01/10 17:45:55.352,2019/01/10 17:45:55.352
1,F,2019/01/10 17:46:48.677,2019/01/10 17:46:48.677
25,A,2019/01/10 17:47:30.822,2019/01/10 17:47:30.822
28,F,2019/01/10 17:50:35.915,2019/01/10 17:50:35.915
22,H,2019/01/10 17:52:59.340,2019/01/10 17:52:59.340
24,F,2019/01/10 17:54:00.114,2019/01/10 17:54:00.114
18,H,2019/01/10 17:54:50.668,2019/01/10 17:54:50.668
16,N,2019/01/10 17:58:11.764,2019/01/10 17:58:11.764
30,A,2019/01/10 18:00:00.000,2019/01/10 18:00:00.000
27,D,2019/01/10 18:00:16.074,2019/01/10 18:00:16.074
17,O,2019/01/10 18:05:00.575,2019/01/10 18:05:00.575
26,A,2019/01/10 18:06:58.931,2019/01/10 18:06:58.931
29,B,2019/01/10 18:10:26.277,2019/01/10 18:10:26.277
20,G,2019/01/10 18:11:14.498,2019/01/10 18:11:14.498
23,C,2019/01/10 18:12:41.320,2019/01/10 18:12:41.320
15,D,2019/01/10 18:18:23.245,2019/01/10 18:18:23.245
25,B,2019/01/10 18:19:39.685,2019/01/10 18:19:39.685
31,A,2019/01/10 18:20:00.000,2019/01/10 18:20:00.000
28,D,2019/01/10 18:21:38.151,2019/01/10 18:21:38.151
1,D,2019/01/10 18:22:21.810,2019/01/10 18:22:21.810
27,E,2019/01/10 18:25:25.581,2019/01/10 18:25:25.581
24,D,2019/01/10 18:28:00.081,2019/01/10 18:28:00.081
30,F,2019/01/10 18:29:56.777,2019/01/10 18:29:56.777
23,A,2019/01/10 18:38:48.301,2019/01/10 18:38:48.301
32,A,2019/01/10 18:40:00.000,2019/01/10 18:40:00.000
20,I,2019/01/10 18:40:02.817,2019/01/10 18:40:02.817
26,B,2019/01/10 18:40:20.009,2019/01/10 18:40:20.009
29,C,2019/01/10 18:42:56.188,2019/01/10 18:42:56.188
25,C,2019/01/10 18:43:20.974,2019/01/10 18:43:20.974
15,E,2019/01/10 18:46:01.479,2019/01/10 18:46:01.479
31,F,2019/01/10 18:51:34.089,2019/01/10 18:51:34.089
1,E,2019/01/10 18:52:04.193,2019/01/10 18:52:04.193
27,G,2019/01/10 18:53:04.562,2019/01/10 18:53:04.562
28,E,2019/01/10 18:54:30.574,2019/01/10 18:54:30.574
24,E,2019/01/10 18:57:30.204,2019/01/10 18:57:30.204
33,A,2019/01/10 19:00:00.000,2019/01/10 19:00:00.000
30,D,2019/01/10 19:03:30.182,2019/01/10 19:03:30.182
23,B,2019/01/10 19:07:21.572,2019/01/10 19:07:21.572
26,C,2019/01/10 19:07:58.985,2019/01/10 19:07:58.985
29,A,2019/01/10 19:08:36.381,2019/01/10 19:08:36.381
25,A,2019/01/10 19:09:24.304,2019/01/10 19:09:24.304
20,J,2019/01/10 19:15:12.013,2019/01/10 19:15:12.013
32,F,2019/01/10 19:18:46.347,2019/01/10 19:18:46.347
34,A,2019/01/10 19:20:00.000,2019/01/10 19:20:00.000
15,G,2019/01/10 19:20:05.473,2019/01/10 19:20:05.473
31,D,2019/01/10 19:21:09.046,2019/01/10 19:21:09.046
1,G,2019/01/10 19:21:25.386,2019/01/10 19:21:25.386
28,G,2019/01/10 19:23:29.421,2019/01/10 19:23:29.421
27,H,2019/01/10 19:24:44.819,2019/01/10 19:24:44.819
24,G,2019/01/10 19:27:05.732,2019/01/10 19:27:05.732
33,F,2019/01/10 19:28:38.876,2019/01/10 19:28:38.876
30,E,2019/01/10 19:35:11.321,2019/01/10 19:35:11.321
23,C,2019/01/10 19:37:19.707,2019/01/10 19:37:19.707
29,B,2019/01/10 19:39:25.616,2019/01/10 19:39:25.616
35,A,2019/01/10 19:40:00.000,2019/01/10 19:40:00.000
26,A,2019/01/10 19:40:26.890,2019/01/10 19:40:26.890
20,K,2019/01/10 19:42:42.673,2019/01/10 19:42:42.673
25,F,2019/01/10 19:46:27.098,2019/01/10 19:46:27.098
28,H,2019/01/10 19:46:35.486,2019/01/10 19:46:35.486
31,E,2019/01/10 19:48:03.767,2019/01/10 19:48:03.767
32,D,2019/01/10 19:48:04.550,2019/01/10 19:48:04.550
1,I,2019/01/10 19:50:45.102,2019/01/10 19:50:45.102
15,I,2019/01/10 19:50:53.228,2019/01/10 19:50:53.228
34,F,2019/01/10 19:54:16.037,2019/01/10 19:54:16.037
33,D,2019/01/10 19:56:31.210,2019/01/10 19:56:31.210
36,A,2019/01/10 20:00:00.000,2019/01/10 20:00:00.000
30,G,2019/01/10 20:03:13.453,2019/01/10 20:03:13.453
24,I,2019/01/10 20:04:47.207,2019/01/10 20:04:47.207
26,F,2019/01/10 20:04:54.438,2019/01/10 20:04:54.438
35,F,2019/01/10 20:06:09.368,2019/01/10 20:06:09.368
23,A,2019/01/10 20:11:05.523,2019/01/10 20:11:05.523
29,C,2019/01/10 20:11:57.647,2019/01/10 20:11:57.647
20,M,2019/01/10 20:16:41.443,2019/01/10 20:16:41.443
31,G,2019/01/10 20:16:48.284,2019/01/10 20:16:48.284
32,E,2019/01/10 20:18:24.089,2019/01/10 20:18:24.089
15,J,2019/01/10 20:18:39.360,2019/01/10 20:18:39.360
25,D,2019/01/10 20:19:07.393,2019/01/10 20:19:07.393
37,A,2019/01/10 20:20:00.000,2019/01/10 20:20:00.000
34,D,2019/01/10 20:21:33.060,2019/01/10 20:21:33.060
33,E,2019/01/10 20:21:59.900,2019/01/10 20:21:59.900
1,J,2019/01/10 20:28:10.334,2019/01/10 20:28:10.334
36,F,2019/01/10 20:29:44.521,2019/01/10 20:29:44.521
24,J,2019/01/10 20:30:23.319,2019/01/10 20:30:23.319
30,I,2019/01/10 20:34:08.738,2019/01/10 20:34:08.738
26,D,2019/01/10 20:37:54.991,2019/01/10 20:37:54.991
35,D,2019/01/10 20:39:17.937,2019/01/10 20:39:17.937
38,A,2019/01/10 20:40:00.000,2019/01/10 20:40:00.000
32,G,2019/01/10 20:43:51.220,2019/01/10 20:43:51.220
23,F,2019/01/10 20:44:42.590,2019/01/10 20:44:42.590
20,N,2019/01/10 20:44:57.839,2019/01/10 20:44:57.839
31,H,2019/01/10 20:45:08.285,2019/01/10 20:45:08.285
34,E,2019/01/10 20:48:16.633,2019/01/10 20:48:16.633
37,B,2019/01/10 20:48:35.058,2019/01/10 20:48:35.058
25,E,2019/01/10 20:48:40.006,2019/01/10 20:48:40.006
15,L,2019/01/10 20:49:13.286,2019/01/10 20:49:13.286
33,G,2019/01/10 20:49:45.707,2019/01/10 20:49:45.707
29,A,2019/01/10 20:52:26.914,2019/01/10 20:52:26.914
1,L,2019/01/10 20:57:13.600,2019/01/10 20:57:13.600
24,L,2019/01/10 20:57:34.731,2019/01/10 20:57:34.731
30,J,2019/01/10 20:59:49.283,2019/01/10 20:59:49.283
39,A,2019/01/10 21:00:00.000,2019/01/10 21:00:00.000
36,D,2019/01/10 21:03:12.857,2019/01/10 21:03:12.857
35,E,2019/01/10 21:06:31.862,2019/01/10 21:06:31.862
26,E,2019/01/10 21:09:30.691,2019/01/10 21:09:30.691
38,B,2019/01/10 21:10:04.601,2019/01/10 21:10:04.601
32,I,2019/01/10 21:17:18.867,2019/01/10 21:17:18.867
33,H,2019/01/10 21:18:00.244,2019/01/10 21:18:00.244
37,C,2019/01/10 21:18:02.201,2019/01/10 21:18:02.201
29,F,2019/01/10 21:18:26.856,2019/01/10 21:18:26.856
25,G,2019/01/10 21:18:35.866,2019/01/10 21:18:35.866
34,G,2019/01/10 21:19:09.647,2019/01/10 21:19:09.647
40,A,2019/01/10 21:20:00.000,2019/01/10 21:20:00.000
23,D,2019/01/10 21:21:44.312,2019/01/10 21:21:44.312
24,M,2019/01/10 21:22:19.261,2019/01/10 21:22:19.261
1,M,2019/01/10 21:23:31.396,2019/01/10 21:23:31.396
15,M,2019/01/10 21:23:39.420,2019/01/10 21:23:39.420
30,K,2019/01/10 21:27:51.583,2019/01/10 21:27:51.583
36,E,2019/01/10 21:32:08.228,2019/01/10 21:32:08.228
39,B,2019/01/10 21:33:47.884,2019/01/10 21:33:47.884
35,G,2019/01/10 21:34:22.766,2019/01/10 21:34:22.766
38,C,2019/01/10 21:38:45.872,2019/01/10 21:38:45.872
41,A,2019/01/10 21:40:00.000,2019/01/10 21:40:00.000
26,G,2019/01/10 21:42:19.738,2019/01/10 21:42:19.738
32,J,2019/01/10 21:44:52.780,2019/01/10 21:44:52.780
37,A,2019/01/10 21:45:01.243,2019/01/10 21:45:01.243
40,B,2019/01/10 21:45:03.903,2019/01/10 21:45:03.903
15,O,2019/01/10 21:46:55.350,2019/01/10 21:46:55.350
29,D,2019/01/10 21:47:16.491,2019/01/10 21:47:16.491
34,I,2019/01/10 21:50:02.205,2019/01/10 21:50:02.205
25,I,2019/01/10 21:51:04.883,2019/01/10 21:51:04.883
1,N,2019/01/10 21:51:47.327,2019/01/10 21:51:47.327
24,O,2019/01/10 21:55:20.098,2019/01/10 21:55:20.098
23,E,2019/01/10 21:56:22.543,2019/01/10 21:56:22.543
42,A,2019/01/10 22:00:00.000,2019/01/10 22:00:00.000
30,M,2019/01/10 22:00:42.201,2019/01/10 22:00:42.201
35,I,2019/01/10 22:01:27.818,2019/01/10 22:01:27.818
36,G,2019/01/10 22:02:06.874,2019/01/10 22:02:06.874
41,B,2019/01/10 22:03:58.835,2019/01/10 22:03:58.835
39,C,2019/01/10 22:05:22.711,2019/01/10 22:05:22.711
38,A,2019/01/10 22:09:02.315,2019/01/10 22:09:02.315
40,C,2019/01/10 22:10:31.187,2019/01/10 22:10:31.187
26,I,2019/01/10 22:12:32.488,2019/01/10 22:12:32.488
37,F,2019/01/10 22:15:49.183,2019/01/10 22:15:49.183
25,J,2019/01/10 22:16:23.438,2019/01/10 22:16:23.438
43,A,2019/01/10 22:20:00.000,2019/01/10 22:20:00.000
29,E,2019/01/10 22:20:58.311,2019/01/10 22:20:58.311
42,F,2019/01/10 22:21:28.461,2019/01/10 22:21:28.461
32,L,2019/01/10 22:21:36.454,2019/01/10 22:21:36.454
23,G,2019/01/10 22:22:20.404,2019/01/10 22:22:20.404
34,J,2019/01/10 22:23:25.466,2019/01/10 22:23:25.466
35,J,2019/01/10 22:28:42.917,2019/01/10 22:28:42.917
41,C,2019/01/10 22:29:03.817,2019/01/10 22:29:03.817
30,N,2019/01/10 22:29:25.376,2019/01/10 22:29:25.376
36,H,2019/01/10 22:29:43.590,2019/01/10 22:29:43.590
38,F,2019/01/10 22:33:56.924,2019/01/10 22:33:56.924
40,A,2019/01/10 22:35:36.356,2019/01/10 22:35:36.356
39,A,2019/01/10 22:39:08.921,2019/01/10 22:39:08.921
44,A,2019/01/10 22:40:00.000,2019/01/10 22:40:00.000
37,D,2019/01/10 22:42:07.054,2019/01/10 22:42:07.054
43,F,2019/01/10 22:43:16.391,2019/01/10 22:43:16.391
26,J,2019/01/10 22:43:33.987,2019/01/10 22:43:33.987
32,M,2019/01/10 22:44:28.695,2019/01/10 22:44:28.695
25,K,2019/01/10 22:47:02.662,2019/01/10 22:47:02.662
29,G,2019/01/10 22:50:19.662,2019/01/10 22:50:19.662
42,D,2019/01/10 22:50:27.735,2019/01/10 22:50:27.735
41,A,2019/01/10 22:51:04.838,2019/01/10 22:51:04.838
23,I,2019/01/10 22:52:34.237,2019/01/10 22:52:34.237
34,L,2019/01/10 22:56:53.378,2019/01/10 22:56:53.378
35,K,2019/01/10 22:58:48.745,2019/01/10 22:58:48.745
45,A,2019/01/10 23:00:00.000,2019/01/10 23:00:00.000
40,F,2019/01/10 23:04:07.477,2019/01/10 23:04:07.477
44,B,2019/01/10 23:05:28.924,2019/01/10 23:05:28.924
39,B,2019/01/10 23:06:12.659,2019/01/10 23:06:12.659
38,D,2019/01/10 23:07:06.597,2019/01/10 23:07:06.597
26,K,2019/01/10 23:09:47.836,2019/01/10 23:09:47.836
37,E,2019/01/10 23:09:58.521,2019/01/10 23:09:58.521
42,E,2019/01/10 23:11:12.117,2019/01/10 23:11:12.117
41,F,2019/01/10 23:13:12.718,2019/01/10 23:13:12.718
43,D,2019/01/10 23:14:28.920,2019/01/10 23:14:28.920
32,N,2019/01/10 23:14:43.123,2019/01/10 23:14:43.123
25,M,2019/01/10 23:15:16.335,2019/01/10 23:15:16.335
29,I,2019/01/10 23:19:00.309,2019/01/10 23:19:00.309
46,A,2019/01/10 23:20:00.000,2019/01/10 23:20:00.000
45,F,2019/01/10 23:21:16.316,2019/01/10 23:21:16.316
23,J,2019/01/10 23:27:33.966,2019/01/10 23:27:33.966
34,M,2019/01/10 23:29:58.680,2019/01/10 23:29:58.680
44,C,2019/01/10 23:30:12.853,2019/01/10 23:30:12.853
40,D,2019/01/10 23:30:14.443,2019/01/10 23:30:14.443
35,M,2019/01/10 23:33:29.741,2019/01/10 23:33:29.741
38,E,2019/01/10 23:36:09.837,2019/01/10 23:36:09.837
43,E,2019/01/10 23:36:38.935,2019/01/10 23:36:38.935
42,G,2019/01/10 23:36:44.626,2019/01/10 23:36:44.626
39,C,2019/01/10 23:37:20.861,2019/01/10 23:37:20.861
37,G,2019/01/10 23:38:41.103,2019/01/10 23:38:41.103
41,D,2019/01/10 23:39:50.280,2019/01/10 23:39:50.280
26,M,2019/01/10 23:39:57.224,2019/01/10 23:39:57.224
47,A,2019/01/10 23:40:00.000,2019/01/10 23:40:00.000
46,B,2019/01/10 23:41:03.884,2019/01/10 23:41:03.884
45,D,2019/01/10 23:41:43.367,2019/01/10 23:41:43.367
25,O,2019/01/10 23:48:33.862,2019/01/10 23:48:33.862
29,J,2019/01/10 23:51:44.142,2019/01/10 23:51:44.142
44,A,2019/01/10 23:54:49.557,2019/01/10 23:54:49.557
40,E,2019/01/10 23:57:02.317,2019/01/10 23:57:02.317
23,L,2019/01/10 23:57:37.732,2019/01/10 23:57:37.732
43,G,2019/01/10 23:58:52.626,2019/01/10 23:58:52.626
34,O,2019/01/10 23:59:43.161,2019/01/10 23:59:43.161
48,A,2019/01/11 00:00:00.000,2019/01/11 00:00:00.000
42,I,2019/01/11 00:00:58.951,2019/01/11 00:00:58.951
47,F,2019/01/11 00:02:48.080,2019/01/11 00:02:48.080
46,C,2019/01/11 00:02:53.683,2019/01/11 00:02:53.683
45,E,2019/01/11 00:03:15.073,2019/01/11 00:03:15.073
39,A,2019/01/11 00:05:16.252,2019/01/11 00:05:16.252
41,E,2019/01/11 00:05:53.134,2019/01/11 00:05:53.134
38,G,2019/01/11 00:06:45.392,2019/01/11 00:06:45.392
35,N,2019/01/11 00:07:31.606,2019/01/11 00:07:31.606
26,O,2019/01/11 00:13:27.951,2019/01/11 00:13:27.951
40,G,2019/01/11 00:15:15.253,2019/01/11 00:15:15.253
37,H,2019/01/11 00:16:03.986,2019/01/11 00:16:03.986
29,L,2019/01/11 00:16:46.248,2019/01/11 00:16:46.248
44,B,2019/01/11 00:17:38.064,2019/01/11 00:17:38.064
48,B,2019/01/11 00:17:39.566,2019/01/11 00:17:39.566
49,A,2019/01/11 00:20:00.000,2019/01/11 00:20:00.000
45,G,2019/01/11 00:23:14.593,2019/01/11 00:23:14.593
47,D,2019/01/11 00:26:01.130,2019/01/11 00:26:01.130
46,A,2019/01/11 00:26:08.874,2019/01/11 00:26:08.874
42,J,2019/01/11 00:26:19.690,2019/01/11 00:26:19.690
43,I,2019/01/11 00:26:22.812,2019/01/11 00:26:22.812
23,M,2019/01/11 00:27:28.366,2019/01/11 00:27:28.366
38,H,2019/01/11 00:31:55.206,2019/01/11 00:31:55.206
41,G,2019/01/11 00:32:59.872,2019/01/11 00:32:59.872
39,B,2019/01/11 00:34:21.598,2019/01/11 00:34:21.598
48,C,2019/01/11 00:35:24.694,2019/01/11 00:35:24.694
49,F,2019/01/11 00:35:49.398,2019/01/11 00:35:49.398
50,A,2019/01/11 00:40:00.000,2019/01/11 00:40:00.000
29,M,2019/01/11 00:41:45.434,2019/01/11 00:41:45.434
40,I,2019/01/11 00:43:18.563,2019/01/11 00:43:18.563
43,J,2019/01/11 00:45:17.238,2019/01/11 00:45:17.238
44,C,2019/01/11 00:45:23.066,2019/01/11 00:45:23.066
45,I,2019/01/11 00:45:36.184,2019/01/11 00:45:36.184
47,E,2019/01/11 00:47:30.347,2019/01/11 00:47:30.347
46,F,2019/01/11 00:48:29.054,2019/01/11 00:48:29.054
23,N,2019/01/11 00:52:19.666,2019/01/11 00:52:19.666
42,K,2019/01/11 00:53:37.881,2019/01/11 00:53:37.881
48,A,2019/01/11 00:54:18.868,2019/01/11 00:54:18.868
49,D,2019/01/11 00:54:38.036,2019/01/11 00:54:38.036
50,B,2019/01/11 00:55:31.564,2019/01/11 00:55:31.564
51,A,2019/01/11 01:00:00.000,2019/01/11 01:00:00.000
41,H,2019/01/11 01:02:51.701,2019/01/11 01:02:51.701
45,J,2019/01/11 01:04:09.319,2019/01/11 01:04:09.319
44,A,2019/01/11 01:07:47.465,2019/01/11 01:07:47.465
43,L,2019/01/11 01:08:12.736,2019/01/11 01:08:12.736
46,D,2019/01/11 01:08:12.889,2019/01/11 01:08:12.889
47,G,2019/01/11 01:09:36.476,2019/01/11 01:09:36.476
50,C,2019/01/11 01:10:19.636,2019/01/11 01:10:19.636
39,C,2019/01/11 01:10:21.008,2019/01/11 01:10:21.008
40,J,2019/01/11 01:11:20.602,2019/01/11 01:11:20.602
29,N,2019/01/11 01:13:55.364,2019/01/11 01:13:55.364
51,B,2019/01/11 01:14:15.384,2019/01/11 01:14:15.384
49,E,2019/01/11 01:14:39.454,2019/01/11 01:14:39.454
48,F,2019/01/11 01:16:09.841,2019/01/11 01:16:09.841
52,A,2019/01/11 01:20:00.000,2019/01/11 01:20:00.000
42,M,2019/01/11 01:20:28.389,2019/01/11 01:20:28.389
46,E,2019/01/11 01:22:43.468,2019/01/11 01:22:43.468
45,K,2019/01/11 01:24:58.160,2019/01/11 01:24:58.160
50,A,2019/01/11 01:25:44.885,2019/01/11 01:25:44.885
47,I,2019/01/11 01:27:43.551,2019/01/11 01:27:43.551
51,C,2019/01/11 01:30:02.498,2019/01/11 01:30:02.498
40,K,2019/01/11 01:31:38.632,2019/01/11 01:31:38.632
52,F,2019/01/11 01:34:36.877,2019/01/11 01:34:36.877
44,B,2019/01/11 01:35:40.901,2019/01/11 01:35:40.901
48,D,2019/01/11 01:36:13.772,2019/01/11 01:36:13.772
49,G,2019/01/11 01:37:59.248,2019/01/11 01:37:59.248
43,M,2019/01/11 01:39:33.425,2019/01/11 01:39:33.425
53,A,2019/01/11 01:40:00.000,2019/01/11 01:40:00.000
50,B,2019/01/11 01:40:07.292,2019/01/11 01:40:07.292
46,G,2019/01/11 01:41:49.180,2019/01/11 01:41:49.180
39,A,2019/01/11 01:44:34.653,2019/01/11 01:44:34.653
42,O,2019/01/11 01:44:36.097,2019/01/11 01:44:36.097
51,A,2019/01/11 01:45:13.900,2019/01/11 01:45:13.900
45,M,2019/01/11 01:45:16.066,2019/01/11 01:45:16.066
47,J,2019/01/11 01:47:07.966,2019/01/11 01:47:07.966
52,D,2019/01/11 01:50:57.462,2019/01/11 01:50:57.462
50,C,2019/01/11 01:52:24.548,2019/01/11 01:52:24.548
53,F,2019/01/11 01:54:40.935,2019/01/11 01:54:40.935
48,E,2019/01/11 01:56:52.663,2019/01/11 01:56:52.663
49,I,2019/01/11 01:58:54.671,2019/01/11 01:58:54.671
40,M,2019/01/11 01:59:45.592,2019/01/11 01:59:45.592
46,H,2019/01/11 01:59:51.676,2019/01/11 01:59:51.676
54,A,2019/01/11 02:00:00.000,2019/01/11 02:00:00.000
51,F,2019/01/11 02:00:25.378,2019/01/11 02:00:25.378
43,N,2019/01/11 02:03:05.637,2019/01/11 02:03:05.637
52,E,2019/01/11 02:04:02.628,2019/01/11 02:04:02.628
44,C,2019/01/11 02:04:11.251,2019/01/11 02:04:11.251
45,N,2019/01/11 02:04:17.116,2019/01/11 02:04:17.116
53,D,2019/01/11 02:05:56.514,2019/01/11 02:05:56.514
50,A,2019/01/11 02:07:33.425,2019/01/11 02:07:33.425
47,L,2019/01/11 02:08:55.915,2019/01/11 02:08:55.915
39,F,2019/01/11 02:12:41.040,2019/01/11 02:12:41.040
48,G,2019/01/11 02:14:32.170,2019/01/11 02:14:32.170
51,D,2019/01/11 02:14:42.913,2019/01/11 02:14:42.913
52,G,2019/01/11 02:17:10.306,2019/01/11 02:17:10.306
54,B,2019/01/11 02:17:29.450,2019/01/11 02:17:29.450
53,E,2019/01/11 02:18:46.115,2019/01/11 02:18:46.115
55,A,2019/01/11 02:20:00.000,2019/01/11 02:20:00.000
49,J,2019/01/11 02:22:00.183,2019/01/11 02:22:00.183
50,F,2019/01/11 02:22:34.519,2019/01/11 02:22:34.519
40,N,2019/01/11 02:26:00.638,2019/01/11 02:26:00.638
51,E,2019/01/11 02:27:55.181,2019/01/11 02:27:55.181
44,A,2019/01/11 02:29:17.871,2019/01/11 02:29:17.871
52,I,2019/01/11 02:30:09.466,2019/01/11 02:30:09.466
55,F,2019/01/11 02:30:14.147,2019/01/11 02:30:14.147
54,C,2019/01/11 02:30:54.413,2019/01/11 02:30:54.413
47,M,2019/01/11 02:31:16.881,2019/01/11 02:31:16.881
53,G,2019/01/11 02:31:36.445,2019/01/11 02:31:36.445
48,I,2019/01/11 02:33:34.746,2019/01/11 02:33:34.746
50,D,2019/01/11 02:36:54.752,2019/01/11 02:36:54.752
56,A,2019/01/11 02:40:00.000,2019/01/11 02:40:00.000
49,K,2019/01/11 02:40:15.384,2019/01/11 02:40:15.384
55,D,2019/01/11 02:41:06.703,2019/01/11 02:41:06.703
39,D,2019/01/11 02:42:42.796,2019/01/11 02:42:42.796
51,G,2019/01/11 02:44:26.953,2019/01/11 02:44:26.953
52,J,2019/01/11 02:45:00.673,2019/01/11 02:45:00.673
54,A,2019/01/11 02:48:32.203,2019/01/11 02:48:32.203
56,F,2019/01/11 02:48:34.468,2019/01/11 02:48:34.468
53,H,2019/01/11 02:49:15.587,2019/01/11 02:49:15.587
55,E,2019/01/11 02:50:28.438,2019/01/11 02:50:28.438
50,E,2019/01/11 02:51:59.081,2019/01/11 02:51:59.081
47,N,2019/01/11 02:52:55.578,2019/01/11 02:52:55.578
48,J,2019/01/11 02:54:37.964,2019/01/11 02:54:37.964
44,B,2019/01/11 02:54:39.450,2019/01/11 02:54:39.450
51,H,2019/01/11 02:59:02.110,2019/01/11 02:59:02.110
56,D,2019/01/11 02:59:16.836,2019/01/11 02:59:16.836
52,L,2019/01/11 02:59:21.294,2019/01/11 02:59:21.294
49,M,2019/01/11 02:59:23.247,2019/01/11 02:59:23.247
57,A,2019/01/11 03:00:00.000,2019/01/11 03:00:00.000
55,G,2019/01/11 03:00:00.729,2019/01/11 03:00:00.729
54,B,2019/01/11 03:04:04.401,2019/01/11 03:04:04.401
50,G,2019/01/11 03:05:54.228,2019/01/11 03:05:54.228
56,E,2019/01/11 03:08:33.981,2019/01/11 03:08:33.981
55,I,2019/01/11 03:09:35.768,2019/01/11 03:09:35.768
57,F,2019/01/11 03:10:37.988,2019/01/11 03:10:37.988
39,E,2019/01/11 03:12:12.450,2019/01/11 03:12:12.450
48,L,2019/01/11 03:14:24.268,2019/01/11 03:14:24.268
52,M,2019/01/11 03:14:47.786,2019/01/11 03:14:47.786
50,H,2019/01/11 03:17:32.862,2019/01/11 03:17:32.862
57,D,2019/01/11 03:18:57.390,2019/01/11 03:18:57.390
56,G,2019/01/11 03:19:00.551,2019/01/11 03:19:00.551
55,J,2019/01/11 03:19:50.641,2019/01/11 03:19:50.641
58,A,2019/01/11 03:20:00.000,2019/01/11 03:20:00.000
54,C,2019/01/11 03:20:02.197,2019/01/11 03:20:02.197
44,C,2019/01/11 03:21:49.631,2019/01/11 03:21:49.631
49,O,2019/01/11 03:22:19.061,2019/01/11 03:22:19.061
56,H,2019/01/11 03:27:13.637,2019/01/11 03:27:13.637
57,E,2019/01/11 03:27:58.206,2019/01/11 03:27:58.206
58,B,2019/01/11 03:28:57.947,2019/01/11 03:28:57.947
55,L,2019/01/11 03:29:58.400,2019/01/11 03:29:58.400
52,N,2019/01/11 03:31:15.211,2019/01/11 03:31:15.211
48,M,2019/01/11 03:34:33.942,2019/01/11 03:34:33.942
55,M,2019/01/11 03:37:26.832,2019/01/11 03:37:26.832
54,A,2019/01/11 03:38:07.863,2019/01/11 03:38:07.863
57,G,2019/01/11 03:38:47.325,2019/01/11 03:38:47.325
58,C,2019/01/11 03:39:21.262,2019/01/11 03:39:21.262
59,A,2019/01/11 03:40:00.000,2019/01/11 03:40:00.000
39,G,2019/01/11 03:41:54.852,2019/01/11 03:41:54.852
57,H,2019/01/11 03:45:57.602,2019/01/11 03:45:57.602
55,O,2019/01/11 03:46:56.649,2019/01/11 03:46:56.649
44,A,2019/01/11 03:49:45.070,2019/01/11 03:49:45.070
58,A,2019/01/11 03:50:40.550,2019/01/11 03:50:40.550
59,F,2019/01/11 03:51:06.326,2019/01/11 03:51:06.326
54,B,2019/01/11 03:52:28.340,2019/01/11 03:52:28.340
48,N,2019/01/11 03:53:59.765,2019/01/11 03:53:59.765
60,A,2019/01/11 04:00:00.000,2019/01/11 04:00:00.000
58,B,2019/01/11 04:01:07.755,2019/01/11 04:01:07.755
59,D,2019/01/11 04:01:37.588,2019/01/11 04:01:37.588
60,B,2019/01/11 04:05:26.466,2019/01/11 04:05:26.466
54,C,2019/01/11 04:06:58.739,2019/01/11 04:06:58.739
60,C,2019/01/11 04:10:21.817,2019/01/11 04:10:21.817
59,E,2019/01/11 04:10:49.821,2019/01/11 04:10:49.821
44,F,2019/01/11 04:11:59.056,2019/01/11 04:11:59.056
58,C,2019/01/11 04:12:56.693,2019/01/11 04:12:56.693
60,A,2019/01/11 04:15:09.793,2019/01/11 04:15:09.793
39,I,2019/01/11 04:15:29.993,2019/01/11 04:15:29.993
60,B,2019/01/11 04:19:58.538,2019/01/11 04:19:58.538
61,A,2019/01/11 04:20:00.000,2019/01/11 04:20:00.000
54,A,2019/01/11 04:20:51.193,2019/01/11 04:20:51.193
59,G,2019/01/11 04:22:31.170,2019/01/11 04:22:31.170
58,A,2019/01/11 04:23:11.153,2019/01/11 04:23:11.153
60,C,2019/01/11 04:24:32.813,2019/01/11 04:24:32.813
61,F,2019/01/11 04:24:56.465,2019/01/11 04:24:56.465
60,A,2019/01/11 04:30:17.255,2019/01/11 04:30:17.255
61,D,2019/01/11 04:30:47.322,2019/01/11 04:30:47.322
59,H,2019/01/11 04:32:35.284,2019/01/11 04:32:35.284
58,B,2019/01/11 04:33:06.547,2019/01/11 04:33:06.547
60,B,2019/01/11 04:35:30.268,2019/01/11 04:35:30.268
61,E,2019/01/11 04:35:48.738,2019/01/11 04:35:48.738
54,F,2019/01/11 04:35:53.013,2019/01/11 04:35:53.013
44,D,2019/01/11 04:37:30.848,2019/01/11 04:37:30.848
62,A,2019/01/11 04:40:00.000,2019/01/11 04:40:00.000
60,C,2019/01/11 04:40:22.551,2019/01/11 04:40:22.551
61,G,2019/01/11 04:41:10.641,2019/01/11 04:41:10.641
39,J,2019/01/11 04:41:30.612,2019/01/11 04:41:30.612
62,B,2019/01/11 04:44:33.018,2019/01/11 04:44:33.018
58,C,2019/01/11 04:44:43.832,2019/01/11 04:44:43.832
60,A,2019/01/11 04:45:51.782,2019/01/11 04:45:51.782
61,I,2019/01/11 04:46:52.001,2019/01/11 04:46:52.001
62,C,2019/01/11 04:50:29.110,2019/01/11 04:50:29.110
60,F,2019/01/11 04:50:33.858,2019/01/11 04:50:33.858
61,J,2019/01/11 04:52:39.587,2019/01/11 04:52:39.587
54,D,2019/01/11 04:53:36.549,2019/01/11 04:53:36.549
58,A,2019/01/11 04:54:12.498,2019/01/11 04:54:12.498
62,A,2019/01/11 04:54:39.506,2019/01/11 04:54:39.506
60,D,2019/01/11 04:54:46.272,2019/01/11 04:54:46.272
61,L,2019/01/11 04:57:58.960,2019/01/11 04:57:58.960
63,A,2019/01/11 05:00:00.000,2019/01/11 05:00:00.000
62,F,2019/01/11 05:00:29.026,2019/01/11 05:00:29.026
60,E,2019/01/11 05:00:40.779,2019/01/11 05:00:40.779
44,E,2019/01/11 05:02:46.462,2019/01/11 05:02:46.462
61,M,2019/01/11 05:03:37.941,2019/01/11 05:03:37.941
58,B,2019/01/11 05:04:26.191,2019/01/11 05:04:26.191
54,E,2019/01/11 05:05:11.083,2019/01/11 05:05:11.083
62,D,2019/01/11 05:05:17.813,2019/01/11 05:05:17.813
60,G,2019/01/11 05:05:39.617,2019/01/11 05:05:39.617
63,F,2019/01/11 05:05:48.876,2019/01/11 05:05:48.876
61,O,2019/01/11 05:07:19.867,2019/01/11 05:07:19.867
39,K,2019/01/11 05:08:42.002,2019/01/11 05:08:42.002
63,D,2019/01/11 05:10:29.405,2019/01/11 05:10:29.405
62,E,2019/01/11 05:10:35.273,2019/01/11 05:10:35.273
60,I,2019/01/11 05:11:33.438,2019/01/11 05:11:33.438
58,C,2019/01/11 05:12:42.802,2019/01/11 05:12:42.802
63,E,2019/01/11 05:14:57.177,2019/01/11 05:14:57.177
62,G,2019/01/11 05:15:29.822,2019/01/11 05:15:29.822
60,J,2019/01/11 05:16:13.597,2019/01/11 05:16:13.597
64,A,2019/01/11 05:20:00.000,2019/01/11 05:20:00.000
63,G,2019/01/11 05:20:34.970,2019/01/11 05:20:34.970
62,I,2019/01/11 05:20:42.320,2019/01/11 05:20:42.320
54,G,2019/01/11 05:21:10.944,2019/01/11 05:21:10.944
60,L,2019/01/11 05:21:47.932,2019/01/11 05:21:47.932
58,A,2019/01/11 05:24:17.084,2019/01/11 05:24:17.084
64,F,2019/01/11 05:24:39.370,2019/01/11 05:24:39.370
63,H,2019/01/11 05:25:16.691,2019/01/11 05:25:16.691
62,J,2019/01/11 05:25:33.147,2019/01/11 05:25:33.147
60,M,2019/01/11 05:26:46.194,2019/01/11 05:26:46.194
64,D,2019/01/11 05:29:39.846,2019/01/11 05:29:39.846
44,G,2019/01/11 05:29:43.660,2019/01/11 05:29:43.660
62,K,2019/01/11 05:30:23.543,2019/01/11 05:30:23.543
60,O,2019/01/11 05:32:08.909,2019/01/11 05:32:08.909
58,B,2019/01/11 05:33:01.785,2019/01/11 05:33:01.785
64,E,2019/01/11 05:34:40.831,2019/01/11 05:34:40.831
54,I,2019/01/11 05:35:01.519,2019/01/11 05:35:01.519
62,M,2019/01/11 05:35:07.022,2019/01/11 05:35:07.022
39,M,2019/01/11 05:38:24.553,2019/01/11 05:38:24.553
65,A,2019/01/11 05:40:00.000,2019/01/11 05:40:00.000
62,N,2019/01/11 05:40:05.926,2019/01/11 05:40:05.926
64,G,2019/01/11 05:40:07.172,2019/01/11 05:40:07.172
58,C,2019/01/11 05:41:53.911,2019/01/11 05:41:53.911
64,H,2019/01/11 05:44:32.103,2019/01/11 05:44:32.103
65,B,2019/01/11 05:44:46.490,2019/01/11 05:44:46.490
65,C,2019/01/11 05:49:35.330,2019/01/11 05:49:35.330
54,J,2019/01/11 05:50:49.082,2019/01/11 05:50:49.082
44,I,2019/01/11 05:52:16.587,2019/01/11 05:52:16.587
58,A,2019/01/11 05:52:22.799,2019/01/11 05:52:22.799
65,A,2019/01/11 05:54:33.721,2019/01/11 05:54:33.721
65,B,2019/01/11 05:59:25.185,2019/01/11 05:59:25.185
66,A,2019/01/11 06:00:00.000,2019/01/11 06:00:00.000
58,F,2019/01/11 06:02:25.917,2019/01/11 06:02:25.917
66,B,2019/01/11 06:04:52.988,2019/01/11 06:04:52.988
65,C,2019/01/11 06:05:05.548,2019/01/11 06:05:05.548
54,K,2019/01/11 06:05:32.559,2019/01/11 06:05:32.559
65,A,2019/01/11 06:08:46.551,2019/01/11 06:08:46.551
39,O,2019/01/11 06:09:26.220,2019/01/11 06:09:26.220
66,C,2019/01/11 06:10:14.602,2019/01/11 06:10:14.602
58,D,2019/01/11 06:10:50.337,2019/01/11 06:10:50.337
65,B,2019/01/11 06:13:26.152,2019/01/11 06:13:26.152
66,A,2019/01/11 06:15:25.615,2019/01/11 06:15:25.615
65,C,2019/01/11 06:17:40.810,2019/01/11 06:17:40.810
67,A,2019/01/11 06:20:00.000,2019/01/11 06:20:00.000
58,E,2019/01/11 06:20:04.374,2019/01/11 06:20:04.374
66,B,2019/01/11 06:20:17.306,2019/01/11 06:20:17.306
44,J,2019/01/11 06:21:26.492,2019/01/11 06:21:26.492
54,M,2019/01/11 06:21:46.897,2019/01/11 06:21:46.897
65,A,2019/01/11 06:22:30.266,2019/01/11 06:22:30.266
67,F,2019/01/11 06:25:20.794,2019/01/11 06:25:20.794
66,C,2019/01/11 06:25:38.385,2019/01/11 06:25:38.385
65,F,2019/01/11 06:26:59.496,2019/01/11 06:26:59.496
67,D,2019/01/11 06:29:30.851,2019/01/11 06:29:30.851
58,G,2019/01/11 06:29:52.360,2019/01/11 06:29:52.360
66,A,2019/01/11 06:30:26.879,2019/01/11 06:30:26.879
65,D,2019/01/11 06:31:59.883,2019/01/11 06:31:59.883
67,E,2019/01/11 06:34:09.154,2019/01/11 06:34:09.154
66,B,2019/01/11 06:35:21.715,2019/01/11 06:35:21.715
65,E,2019/01/11 06:36:29.075,2019/01/11 06:36:29.075
54,O,2019/01/11 06:36:55.838,2019/01/11 06:36:55.838
67,G,2019/01/11 06:38:20.086,2019/01/11 06:38:20.086
66,C,2019/01/11 06:39:38.026,2019/01/11 06:39:38.026
68,A,2019/01/11 06:40:00.000,2019/01/11 06:40:00.000
58,H,2019/01/11 06:40:46.544,2019/01/11 06:40:46.544
65,G,2019/01/11 06:40:49.794,2019/01/11 06:40:49.794
67,H,2019/01/11 06:43:39.338,2019/01/11 06:43:39.338
66,A,2019/01/11 06:45:04.043,2019/01/11 06:45:04.043
68,B,2019/01/11 06:45:07.971,2019/01/11 06:45:07.971
44,L,2019/01/11 06:45:09.710,2019/01/11 06:45:09.710
65,I,2019/01/11 06:45:22.963,2019/01/11 06:45:22.963
66,B,2019/01/11 06:50:09.193,2019/01/11 06:50:09.193
68,C,2019/01/11 06:50:20.203,2019/01/11 06:50:20.203
65,J,2019/01/11 06:50:38.537,2019/01/11 06:50:38.537
66,C,2019/01/11 06:54:43.630,2019/01/11 06:54:43.630
65,L,2019/01/11 06:55:25.777,2019/01/11 06:55:25.777
68,A,2019/01/11 06:55:33.412,2019/01/11 06:55:33.412
66,A,2019/01/11 06:58:55.989,2019/01/11 06:58:55.989
68,F,2019/01/11 06:59:42.806,2019/01/11 06:59:42.806
69,A,2019/01/11 07:00:00.000,2019/01/11 07:00:00.000
65,M,2019/01/11 07:00:53.242,2019/01/11 07:00:53.242
66,B,2019/01/11 07:03:28.066,2019/01/11 07:03:28.066
68,D,2019/01/11 07:04:47.293,2019/01/11 07:04:47.293
69,B,2019/01/11 07:05:00.809,2019/01/11 07:05:00.809
65,N,2019/01/11 07:05:57.034,2019/01/11 07:05:57.034
66,C,2019/01/11 07:08:44.059,2019/01/11 07:08:44.059
68,E,2019/01/11 07:10:01.109,2019/01/11 07:10:01.109
69,C,2019/01/11 07:10:09.195,2019/01/11 07:10:09.195
44,M,2019/01/11 07:11:24.018,2019/01/11 07:11:24.018
66,A,2019/01/11 07:13:35.038,2019/01/11 07:13:35.038
69,A,2019/01/11 07:13:40.492,2019/01/11 07:13:40.492
68,G,2019/01/11 07:14:55.083,2019/01/11 07:14:55.083
69,F,2019/01/11 07:18:04.862,2019/01/11 07:18:04.862
66,B,2019/01/11 07:18:39.903,2019/01/11 07:18:39.903
68,H,2019/01/11 07:19:55.634,2019/01/11 07:19:55.634
70,A,2019/01/11 07:20:00.000,2019/01/11 07:20:00.000
66,C,2019/01/11 07:23:27.548,2019/01/11 07:23:27.548
69,D,2019/01/11 07:23:28.665,2019/01/11 07:23:28.665
70,F,2019/01/11 07:24:48.838,2019/01/11 07:24:48.838
69,E,2019/01/11 07:28:31.520,2019/01/11 07:28:31.520
66,A,2019/01/11 07:28:41.767,2019/01/11 07:28:41.767
70,D,2019/01/11 07:29:16.329,2019/01/11 07:29:16.329
66,B,2019/01/11 07:33:12.895,2019/01/11 07:33:12.895
69,G,2019/01/11 07:33:30.720,2019/01/11 07:33:30.720
70,E,2019/01/11 07:34:50.933,2019/01/11 07:34:50.933
44,O,2019/01/11 07:37:48.029,2019/01/11 07:37:48.029
69,I,2019/01/11 07:38:13.441,2019/01/11 07:38:13.441
66,C,2019/01/11 07:38:31.185,2019/01/11 07:38:31.185
71,A,2019/01/11 07:40:00.000,2019/01/11 07:40:00.000
70,G,2019/01/11 07:40:07.126,2019/01/11 07:40:07.126
69,J,2019/01/11 07:42:53.034,2019/01/11 07:42:53.034
66,A,2019/01/11 07:43:28.792,2019/01/11 07:43:28.792
71,F,2019/01/11 07:44:31.212,2019/01/11 07:44:31.212
70,H,2019/01/11 07:45:27.735,2019/01/11 07:45:27.735
69,K,2019/01/11 07:47:22.872,2019/01/11 07:47:22.872
66,F,2019/01/11 07:48:59.891,2019/01/11 07:48:59.891
71,D,2019/01/11 07:49:16.578,2019/01/11 07:49:16.578
69,M,2019/01/11 07:52:29.504,2019/01/11 07:52:29.504
66,D,2019/01/11 07:52:41.038,2019/01/11 07:52:41.038
71,E,2019/01/11 07:54:32.509,2019/01/11 07:54:32.509
69,O,2019/01/11 07:57:04.817,2019/01/11 07:57:04.817
66,E,2019/01/11 07:57:50.515,2019/01/11 07:57:50.515
71,G,2019/01/11 07:59:02.588,2019/01/11 07:59:02.588
72,A,2019/01/11 08:00:00.000,2019/01/11 08:00:00.000
66,G,2019/01/11 08:02:48.677,2019/01/11 08:02:48.677
71,I,2019/01/11 08:03:36.798,2019/01/11 08:03:36.798
72,F,2019/01/11 08:05:08.544,2019/01/11 08:05:08.544
66,H,2019/01/11 08:07:43.776,2019/01/11 08:07:43.776
71,J,2019/01/11 08:09:45.236,2019/01/11 08:09:45.236
72,D,2019/01/11 08:10:55.015,2019/01/11 08:10:55.015
71,K,2019/01/11 08:14:31.043,2019/01/11 08:14:31.043
72,E,2019/01/11 08:15:40.491,2019/01/11 08:15:40.491
73,A,2019/01/11 08:20:00.000,2019/01/11 08:20:00.000
71,M,2019/01/11 08:20:00.867,2019/01/11 08:20:00.867
72,G,2019/01/11 08:20:20.622,2019/01/11 08:20:20.622
71,N,2019/01/11 08:24:32.192,2019/01/11 08:24:32.192
73,F,2019/01/11 08:24:59.900,2019/01/11 08:24:59.900
72,I,2019/01/11 08:25:54.762,2019/01/11 08:25:54.762
73,D,2019/01/11 08:29:15.298,2019/01/11 08:29:15.298
72,J,2019/01/11 08:31:42.567,2019/01/11 08:31:42.567
73,E,2019/01/11 08:34:08.630,2019/01/11 08:34:08.630
72,L,2019/01/11 08:36:07.273,2019/01/11 08:36:07.273
73,G,2019/01/11 08:38:55.287,2019/01/11 08:38:55.287
74,A,2019/01/11 08:40:00.000,2019/01/11 08:40:00.000
72,M,2019/01/11 08:41:00.878,2019/01/11 08:41:00.878
73,H,2019/01/11 08:43:32.271,2019/01/11 08:43:32.271
74,B,2019/01/11 08:44:54.706,2019/01/11 08:44:54.706
72,O,2019/01/11 08:45:44.788,2019/01/11 08:45:44.788
74,C,2019/01/11 08:49:15.763,2019/01/11 08:49:15.763
74,A,2019/01/11 08:53:23.646,2019/01/11 08:53:23.646
74,B,2019/01/11 08:59:00.764,2019/01/11 08:59:00.764
75,A,2019/01/11 09:00:00.000,2019/01/11 09:00:00.000
74,C,2019/01/11 09:03:57.039,2019/01/11 09:03:57.039
75,B,2019/01/11 09:05:12.859,2019/01/11 09:05:12.859
75,C,2019/01/11 09:10:20.583,2019/01/11 09:10:20.583
74,A,2019/01/11 09:10:26.128,2019/01/11 09:10:26.128
74,F,2019/01/11 09:15:13.449,2019/01/11 09:15:13.449
75,A,2019/01/11 09:15:19.693,2019/01/11 09:15:19.693
76,A,2019/01/11 09:20:00.000,2019/01/11 09:20:00.000
75,B,2019/01/11 09:20:11.730,2019/01/11 09:20:11.730
74,D,2019/01/11 09:20:34.691,2019/01/11 09:20:34.691
75,C,2019/01/11 09:24:47.241,2019/01/11 09:24:47.241
74,E,2019/01/11 09:25:10.996,2019/01/11 09:25:10.996
76,B,2019/01/11 09:25:33.558,2019/01/11 09:25:33.558
76,C,2019/01/11 09:30:02.157,2019/01/11 09:30:02.157
74,G,2019/01/11 09:30:09.205,2019/01/11 09:30:09.205
75,A,2019/01/11 09:30:47.315,2019/01/11 09:30:47.315
74,H,2019/01/11 09:34:37.126,2019/01/11 09:34:37.126
76,A,2019/01/11 09:35:43.576,2019/01/11 09:35:43.576
75,F,2019/01/11 09:35:48.003,2019/01/11 09:35:48.003
77,A,2019/01/11 09:40:00.000,2019/01/11 09:40:00.000
75,D,2019/01/11 09:41:04.975,2019/01/11 09:41:04.975
76,F,2019/01/11 09:41:10.625,2019/01/11 09:41:10.625
77,F,2019/01/11 09:44:56.862,2019/01/11 09:44:56.862
75,E,2019/01/11 09:46:14.574,2019/01/11 09:46:14.574
76,D,2019/01/11 09:46:33.022,2019/01/11 09:46:33.022
77,D,2019/01/11 09:50:07.477,2019/01/11 09:50:07.477
75,G,2019/01/11 09:51:37.818,2019/01/11 09:51:37.818
76,E,2019/01/11 09:52:05.036,2019/01/11 09:52:05.036
77,E,2019/01/11 09:55:04.006,2019/01/11 09:55:04.006
75,H,2019/01/11 09:57:49.667,2019/01/11 09:57:49.667
76,G,2019/01/11 09:58:07.447,2019/01/11 09:58:07.447
78,A,2019/01/11 10:00:00.000,2019/01/11 10:00:00.000
77,G,2019/01/11 10:00:36.579,2019/01/11 10:00:36.579
76,I,2019/01/11 10:03:28.400,2019/01/11 10:03:28.400
78,B,2019/01/11 10:04:38.618,2019/01/11 10:04:38.618
77,I,2019/01/11 10:04:44.702,2019/01/11 10:04:44.702
76,J,2019/01/11 10:08:58.475,2019/01/11 10:08:58.475
77,J,2019/01/11 10:09:24.309,2019/01/11 10:09:24.309
78,C,2019/01/11 10:09:41.066,2019/01/11 10:09:41.066
77,L,2019/01/11 10:13:29.854,2019/01/11 10:13:29.854
78,A,2019/01/11 10:14:16.447,2019/01/11 10:14:16.447
76,K,2019/01/11 10:14:28.380,2019/01/11 10:14:28.380
77,M,2019/01/11 10:17:44.918,2019/01/11 10:17:44.918
78,F,2019/01/11 10:18:01.219,2019/01/11 10:18:01.219
76,M,2019/01/11 10:19:39.181,2019/01/11 10:19:39.181
79,A,2019/01/11 10:20:00.000,2019/01/11 10:20:00.000
77,N,2019/01/11 10:22:34.645,2019/01/11 10:22:34.645
78,D,2019/01/11 10:23:22.667,2019/01/11 10:23:22.667
76,O,2019/01/11 10:24:07.309,2019/01/11 10:24:07.309
79,B,2019/01/11 10:24:30.545,2019/01/11 10:24:30.545
78,E,2019/01/11 10:28:26.814,2019/01/11 10:28:26.814
79,C,2019/01/11 10:28:51.824,2019/01/11 10:28:51.824
79,A,2019/01/11 10:33:18.651,2019/01/11 10:33:18.651
78,G,2019/01/11 10:33:49.390,2019/01/11 10:33:49.390
79,F,2019/01/11 10:38:42.765,2019/01/11 10:38:42.765
78,I,2019/01/11 10:38:56.871,2019/01/11 10:38:56.871
80,A,2019/01/11 10:40:00.000,2019/01/11 10:40:00.000
78,J,2019/01/11 10:43:56.854,2019/01/11 10:43:56.854
79,D,2019/01/11 10:44:04.016,2019/01/11 10:44:04.016
80,F,2019/01/11 10:45:02.944,2019/01/11 10:45:02.944
79,E,2019/01/11 10:49:05.039,2019/01/11 10:49:05.039
78,L,2019/01/11 10:49:37.252,2019/01/11 10:49:37.252
80,D,2019/01/11 10:49:55.685,2019/01/11 10:49:55.685
79,G,2019/01/11 10:52:59.904,2019/01/11 10:52:59.904
78,M,2019/01/11 10:54:28.817,2019/01/11 10:54:28.817
80,E,2019/01/11 10:55:06.066,2019/01/11 10:55:06.066
79,I,2019/01/11 10:57:27.093,2019/01/11 10:57:27.093
80,G,2019/01/11 10:59:28.488,2019/01/11 10:59:28.488
78,N,2019/01/11 10:59:47.829,2019/01/11 10:59:47.829
81,A,2019/01/11 11:00:00.000,2019/01/11 11:00:00.000
79,J,2019/01/11 11:02:31.303,2019/01/11 11:02:31.303
80,I,2019/01/11 11:04:40.979,2019/01/11 11:04:40.979
81,F,2019/01/11 11:05:05.224,2019/01/11 11:05:05.224
79,L,2019/01/11 11:07:26.393,2019/01/11 11:07:26.393
80,J,2019/01/11 11:10:08.959,2019/01/11 11:10:08.959
81,D,2019/01/11 11:10:20.485,2019/01/11 11:10:20.485
79,M,2019/01/11 11:13:05.343,2019/01/11 11:13:05.343
80,K,2019/01/11 11:15:00.774,2019/01/11 11:15:00.774
81,E,2019/01/11 11:16:04.004,2019/01/11 11:16:04.004
79,O,2019/01/11 11:18:06.818,2019/01/11 11:18:06.818
82,A,2019/01/11 11:20:00.000,2019/01/11 11:20:00.000
80,M,2019/01/11 11:20:04.346,2019/01/11 11:20:04.346
81,G,2019/01/11 11:21:19.408,2019/01/11 11:21:19.408
80,O,2019/01/11 11:25:34.188,2019/01/11 11:25:34.188
82,B,2019/01/11 11:25:37.600,2019/01/11 11:25:37.600
81,H,2019/01/11 11:26:04.338,2019/01/11 11:26:04.338
82,C,2019/01/11 11:30:55.454,2019/01/11 11:30:55.454
82,A,2019/01/11 11:36:05.237,2019/01/11 11:36:05.237
82,F,2019/01/11 11:39:59.910,2019/01/11 11:39:59.910
83,A,2019/01/11 11:40:00.000,2019/01/11 11:40:00.000
83,F,2019/01/11 11:44:53.343,2019/01/11 11:44:53.343
82,D,2019/01/11 11:45:02.252,2019/01/11 11:45:02.252
83,D,2019/01/11 11:50:06.513,2019/01/11 11:50:06.513
82,E,2019/01/11 11:50:10.388,2019/01/11 11:50:10.388
82,G,2019/01/11 11:54:38.850,2019/01/11 11:54:38.850
83,E,2019/01/11 11:55:27.953,2019/01/11 11:55:27.953
82,H,2019/01/11 11:59:39.579,2019/01/11 11:59:39.579
84,A,2019/01/11 12:00:00.000,2019/01/11 12:00:00.000
83,G,2019/01/11 12:00:00.096,2019/01/11 12:00:00.096
84,B,2019/01/11 12:05:14.149,2019/01/11 12:05:14.149
83,H,2019/01/11 12:05:24.829,2019/01/11 12:05:24.829
84,C,2019/01/11 12:10:08.497,2019/01/11 12:10:08.497
84,A,2019/01/11 12:15:00.253,2019/01/11 12:15:00.253
84,F,2019/01/11 12:19:54.476,2019/01/11 12:19:54.476
85,A,2019/01/11 12:20:00.000,2019/01/11 12:20:00.000
85,F,2019/01/11 12:24:39.282,2019/01/11 12:24:39.282
84,D,2019/01/11 12:24:49.865,2019/01/11 12:24:49.865
85,D,2019/01/11 12:29:37.067,2019/01/11 12:29:37.067
84,E,2019/01/11 12:30:08.683,2019/01/11 12:30:08.683
85,E,2019/01/11 12:34:30.504,2019/01/11 12:34:30.504
84,G,2019/01/11 12:36:27.314,2019/01/11 12:36:27.314
85,G,2019/01/11 12:38:59.908,2019/01/11 12:38:59.908
86,A,2019/01/11 12:40:00.000,2019/01/11 12:40:00.000
84,H,2019/01/11 12:41:33.388,2019/01/11 12:41:33.388
85,H,2019/01/11 12:44:30.025,2019/01/11 12:44:30.025
86,F,2019/01/11 12:45:18.741,2019/01/11 12:45:18.741
86,D,2019/01/11 12:49:38.683,2019/01/11 12:49:38.683
86,E,2019/01/11 12:53:40.856,2019/01/11 12:53:40.856
86,G,2019/01/11 12:58:32.618,2019/01/11 12:58:32.618
87,A,2019/01/11 13:00:00.000,2019/01/11 13:00:00.000
86,H,2019/01/11 13:03:33.732,2019/01/11 13:03:33.732
87,F,2019/01/11 13:05:04.863,2019/01/11 13:05:04.863
87,D,2019/01/11 13:10:07.920,2019/01/11 13:10:07.920
87,E,2019/01/11 13:15:12.972,2019/01/11 13:15:12.972
88,A,2019/01/11 13:20:00.000,2019/01/11 13:20:00.000
87,G,2019/01/11 13:20:26.850,2019/01/11 13:20:26.850
88,F,2019/01/11 13:25:12.708,2019/01/11 13:25:12.708
87,H,2019/01/11 13:25:13.154,2019/01/11 13:25:13.154
88,D,2019/01/11 13:29:59.834,2019/01/11 13:29:59.834
88,E,2019/01/11 13:35:08.338,2019/01/11 13:35:08.338
88,G,2019/01/11 13:39:27.746,2019/01/11 13:39:27.746
89,A,2019/01/11 13:40:00.000,2019/01/11 13:40:00.000
89,F,2019/01/11 13:44:17.159,2019/01/11 13:44:17.159
88,I,2019/01/11 13:44:59.197,2019/01/11 13:44:59.197
89,D,2019/01/11 13:48:50.898,2019/01/11 13:48:50.898
88,J,2019/01/11 13:49:20.988,2019/01/11 13:49:20.988
89,E,2019/01/11 13:53:43.449,2019/01/11 13:53:43.449
88,K,2019/01/11 13:54:41.654,2019/01/11 13:54:41.654
89,G,2019/01/11 13:57:44.593,2019/01/11 13:57:44.593
88,M,2019/01/11 13:58:00.103,2019/01/11 13:58:00.103
90,A,2019/01/11 14:00:00.000,2019/01/11 14:00:00.000
89,H,2019/01/11 14:02:46.749,2019/01/11 14:02:46.749
88,N,2019/01/11 14:02:47.077,2019/01/11 14:02:47.077
90,F,2019/01/11 14:04:56.440,2019/01/11 14:04:56.440
90,D,2019/01/11 14:09:58.208,2019/01/11 14:09:58.208
90,E,2019/01/11 14:15:37.519,2019/01/11 14:15:37.519
91,A,2019/01/11 14:20:00.000,2019/01/11 14:20:00.000
90,G,2019/01/11 14:21:24.569,2019/01/11 14:21:24.569
91,B,2019/01/11 14:25:28.303,2019/01/11 14:25:28.303
90,H,2019/01/11 14:26:15.864,2019/01/11 14:26:15.864
91,C,2019/01/11 14:30:32.703,2019/01/11 14:30:32.703
91,A,2019/01/11 14:35:15.779,2019/01/11 14:35:15.779
92,A,2019/01/11 14:40:00.000,2019/01/11 14:40:00.000
91,B,2019/01/11 14:40:19.084,2019/01/11 14:40:19.084
91,C,2019/01/11 14:45:14.123,2019/01/11 14:45:14.123
92,F,2019/01/11 14:45:33.173,2019/01/11 14:45:33.173
91,A,2019/01/11 14:49:05.378,2019/01/11 14:49:05.378
92,D,2019/01/11 14:50:28.441,2019/01/11 14:50:28.441
91,F,2019/01/11 14:53:56.251,2019/01/11 14:53:56.251
92,E,2019/01/11 14:56:01.608,2019/01/11 14:56:01.608
91,D,2019/01/11 14:58:31.799,2019/01/11 14:58:31.799
93,A,2019/01/11 15:00:00.000,2019/01/11 15:00:00.000
92,G,2019/01/11 15:00:17.284,2019/01/11 15:00:17.284
91,E,2019/01/11 15:02:54.441,2019/01/11 15:02:54.441
93,B,2019/01/11 15:04:59.093,2019/01/11 15:04:59.093
92,I,2019/01/11 15:05:34.567,2019/01/11 15:05:34.567
91,G,2019/01/11 15:08:28.173,2019/01/11 15:08:28.173
93,C,2019/01/11 15:09:27.985,2019/01/11 15:09:27.985
92,J,2019/01/11 15:10:19.883,2019/01/11 15:10:19.883
91,H,2019/01/11 15:13:29.582,2019/01/11 15:13:29.582
93,A,2019/01/11 15:13:57.654,2019/01/11 15:13:57.654
92,L,2019/01/11 15:15:21.945,2019/01/11 15:15:21.945
93,B,2019/01/11 15:18:35.077,2019/01/11 15:18:35.077
94,A,2019/01/11 15:20:00.000,2019/01/11 15:20:00.000
92,M,2019/01/11 15:20:45.085,2019/01/11 15:20:45.085
93,C,2019/01/11 15:24:06.146,2019/01/11 15:24:06.146
92,O,2019/01/11 15:25:04.316,2019/01/11 15:25:04.316
94,F,2019/01/11 15:25:18.157,2019/01/11 15:25:18.157
93,A,2019/01/11 15:28:30.806,2019/01/11 15:28:30.806
94,D,2019/01/11 15:29:42.417,2019/01/11 15:29:42.417
93,B,2019/01/11 15:33:28.892,2019/01/11 15:33:28.892
94,E,2019/01/11 15:34:02.840,2019/01/11 15:34:02.840
93,C,2019/01/11 15:38:47.826,2019/01/11 15:38:47.826
94,G,2019/01/11 15:39:10.029,2019/01/11 15:39:10.029
95,A,2019/01/11 15:40:00.000,2019/01/11 15:40:00.000
93,A,2019/01/11 15:43:49.028,2019/01/11 15:43:49.028
94,I,2019/01/11 15:44:39.633,2019/01/11 15:44:39.633
95,F,2019/01/11 15:45:09.990,2019/01/11 15:45:09.990
93,B,2019/01/11 15:48:55.881,2019/01/11 15:48:55.881
95,D,2019/01/11 15:49:05.242,2019/01/11 15:49:05.242
94,J,2019/01/11 15:50:06.722,2019/01/11 15:50:06.722
95,E,2019/01/11 15:53:27.613,2019/01/11 15:53:27.613
93,C,2019/01/11 15:54:05.616,2019/01/11 15:54:05.616
94,K,2019/01/11 15:55:35.104,2019/01/11 15:55:35.104
95,G,2019/01/11 15:58:09.524,2019/01/11 15:58:09.524
96,A,2019/01/11 16:00:00.000,2019/01/11 16:00:00.000
93,A,2019/01/11 16:00:20.328,2019/01/11 16:00:20.328
94,M,2019/01/11 16:01:24.244,2019/01/11 16:01:24.244
95,H,2019/01/11 16:03:41.710,2019/01/11 16:03:41.710
96,F,2019/01/11 16:04:26.713,2019/01/11 16:04:26.713
93,F,2019/01/11 16:05:12.894,2019/01/11 16:05:12.894
94,O,2019/01/11 16:06:17.018,2019/01/11 16:06:17.018
93,D,2019/01/11 16:10:02.979,2019/01/11 16:10:02.979
96,D,2019/01/11 16:10:11.518,2019/01/11 16:10:11.518
96,E,2019/01/11 16:13:54.021,2019/01/11 16:13:54.021
93,E,2019/01/11 16:14:39.297,2019/01/11 16:14:39.297
93,G,2019/01/11 16:19:35.921,2019/01/11 16:19:35.921
96,G,2019/01/11 16:19:57.224,2019/01/11 16:19:57.224
97,A,2019/01/11 16:20:00.000,2019/01/11 16:20:00.000
93,I,2019/01/11 16:24:20.980,2019/01/11 16:24:20.980
96,H,2019/01/11 16:24:42.535,2019/01/11 16:24:42.535
97,F,2019/01/11 16:24:44.150,2019/01/11 16:24:44.150
93,J,2019/01/11 16:29:40.519,2019/01/11 16:29:40.519
97,D,2019/01/11 16:30:09.973,2019/01/11 16:30:09.973
93,K,2019/01/11 16:34:23.025,2019/01/11 16:34:23.025
97,E,2019/01/11 16:35:53.215,2019/01/11 16:35:53.215
93,M,2019/01/11 16:39:22.907,2019/01/11 16:39:22.907
98,A,2019/01/11 16:40:00.000,2019/01/11 16:40:00.000
97,G,2019/01/11 16:40:59.440,2019/01/11 16:40:59.440
93,O,2019/01/11 16:44:21.951,2019/01/11 16:44:21.951
98,F,2019/01/11 16:45:12.138,2019/01/11 16:45:12.138
97,I,2019/01/11 16:46:25.251,2019/01/11 16:46:25.251
97,J,2019/01/11 16:50:29.918,2019/01/11 16:50:29.918
98,D,2019/01/11 16:50:59.546,2019/01/11 16:50:59.546
97,L,2019/01/11 16:55:55.609,2019/01/11 16:55:55.609
98,E,2019/01/11 16:56:22.898,2019/01/11 16:56:22.898
99,A,2019/01/11 17:00:00.000,2019/01/11 17:00:00.000
97,M,2019/01/11 17:00:41.032,2019/01/11 17:00:41.032
98,G,2019/01/11 17:01:12.965,2019/01/11 17:01:12.965
99,F,2019/01/11 17:04:40.781,2019/01/11 17:04:40.781
97,N,2019/01/11 17:04:41.114,2019/01/11 17:04:41.114
98,I,2019/01/11 17:05:54.104,2019/01/11 17:05:54.104
98,J,2019/01/11 17:09:36.166,2019/01/11 17:09:36.166
99,D,2019/01/11 17:09:42.689,2019/01/11 17:09:42.689
98,K,2019/01/11 17:14:20.287,2019/01/11 17:14:20.287
99,E,2019/01/11 17:15:16.267,2019/01/11 17:15:16.267
98,M,2019/01/11 17:19:21.702,2019/01/11 17:19:21.702
99,G,2019/01/11 17:20:17.503,2019/01/11 17:20:17.503
98,O,2019/01/11 17:23:53.044,2019/01/11 17:23:53.044
99,H,2019/01/11 17:25:34.442,2019/01/11 17:25:34.442
